Workbook

Sheet Master_DB
A1: Master_DB (Backend)
A2: 노란 칸만 수정 · Quote 단가는 전부 이 시트 참조 (하드코딩 금지)
A4: PARAMETERS
A5: Vol factor (kg/CBM) | B5: 167 | C5: CBM x 167 = 부피중량
A6: CBM divisor (cm) | B6: 1000000 | C6: L x W x H x Qty / 1,000,000
A8: WEIGHT BREAK (kg)
A9: WB_45 | B9: 45
A10: WB_100 | B10: 100
A11: WB_500 | B11: 500
A12: WB_1000 | B12: 1000
A14: 1. Air freight & surcharge
A15: ROUTE | B15: MIN | C15: +45 | D15: +100 | E15: +500 | F15: +1000 | G15: FSC/kg | H15: SSC/kg
A16: ICN-HKG | B16: 50 | C16: 4.5 | D16: 3.8 | E16: 3.2 | F16: 2.8 | G16: 0.6 | H16: 0.15
A17: ICN-LAX | B17: 90 | C17: 8.5 | D17: 7.2 | E17: 6.5 | F17: 5.8 | G17: 1.2 | H17: 0.25
A19: 2. Local charges
A20: Charge Item | B20: Unit | C20: Rate | D20: MIN | E20: Note
A21: Handling Fee | B21: Per Shipment | C21: 30 | D21: 30 | E21: 건당
A22: Doc Fee | B22: Per BL | C22: 25 | D22: 25 | E22: BL당
A23: Trucking | B23: Per CBM | C23: 15 | D23: 80 | E23: 부피, MIN
A25: 행 16-17 / 21-23 삭제 금지 (Quote lookup 범위)

Sheet Quote
B2: 항공 가견적 시뮬레이터
B3: 주황 칸만 입력 · 단가는 Master_DB 자동 조회 · 가견적(APPX), 최종 INV 아님
B5: 1. 화물 입력 | E5: 2. 자동 계산 | H5: TOTAL APPX. AMOUNT
B6: Route | C6: ICN-HKG | E6: CBM | F6: =IFERROR(IF(COUNTA(C7:C10)<4,"",C7*C8*C9*C10/Master_DB!$B$6),"") | H6: =IFERROR(IF(H17="","",SUM(H17:H22)),"")
B7: L (cm) | C7: 110 | E7: 부피중량 (KG) | F7: =IFERROR(IF(F6="","",F6*Master_DB!$B$5),"")
B8: W (cm) | C8: 110 | E8: C.W. (KG) | F8: =IFERROR(IF(OR(C11="",F7=""),"",MAX(C11,F7)),"")
B9: H (cm) | C9: 150 | E9: Weight Break | F9: =IFERROR(IF(F8="","",IF(F8>=Master_DB!$B$12,"+1000",IF(F8>=Master_DB!$B$11,"+500",IF(F8>=Master_DB!$B$10,"+100","+45")))),"")
B10: Qty (pcs) | C10: 3 | E10: Air Rate ($/kg) | F10: =IFERROR(IF(OR(C6="",F8=""),"",IF(F8>=Master_DB!$B$12,VLOOKUP(C6,Master_DB!$A$16:$H$17,6,FALSE),IF(F8>=Master_DB!$B$11,VLOOKUP(C6,Master_DB!$A$16:$H$17,5,FALSE),IF(F8>=Master_DB!$B$10,VLOOKUP(C6,Master_DB!$A$16:$H$17,4,FALSE),VLOOKUP(C6,Master_DB!$A$16:$H$17,3,FALSE))))),"") | H10: Currency | I10: USD
B11: Gross (KG) | C11: 400 | E11: Air MIN ($) | F11: =IFERROR(IF(C6="","",VLOOKUP(C6,Master_DB!$A$16:$H$17,2,FALSE)),"") | H11: Route | I11: =IFERROR(C6,"")
B12: B/L 수 | C12: 1 | E12: FSC ($/kg) | F12: =IFERROR(IF(C6="","",VLOOKUP(C6,Master_DB!$A$16:$H$17,7,FALSE)),"") | H12: C.W. | I12: =IFERROR(F8,"")
E13: SSC ($/kg) | F13: =IFERROR(IF(C6="","",VLOOKUP(C6,Master_DB!$A$16:$H$17,8,FALSE)),"")
B15: 3. 비용 내역 (Breakdown)
B16: 항목 | E16: 단위 | H16: 금액 (USD)
B17: Air Freight | E17: =IFERROR(F9,"") | H17: =IFERROR(IF(OR(F10="",F8="",F11=""),"",MAX(F10*F8,F11)),"")
B18: FSC | E18: Per KG | H18: =IFERROR(IF(OR(F12="",F8=""),"",F12*F8),"")
B19: SSC | E19: Per KG | H19: =IFERROR(IF(OR(F13="",F8=""),"",F13*F8),"")
B20: Handling Fee | E20: =IFERROR(INDEX(Master_DB!$B$21:$B$23,MATCH("Handling Fee",Master_DB!$A$21:$A$23,0)),"") | H20: =IFERROR(MAX(INDEX(Master_DB!$C$21:$C$23,MATCH("Handling Fee",Master_DB!$A$21:$A$23,0)),INDEX(Master_DB!$D$21:$D$23,MATCH("Handling Fee",Master_DB!$A$21:$A$23,0))),"")
B21: Doc Fee | E21: =IFERROR(INDEX(Master_DB!$B$21:$B$23,MATCH("Doc Fee",Master_DB!$A$21:$A$23,0)),"") | H21: =IFERROR(IF(C12="","",MAX(INDEX(Master_DB!$C$21:$C$23,MATCH("Doc Fee",Master_DB!$A$21:$A$23,0)),INDEX(Master_DB!$D$21:$D$23,MATCH("Doc Fee",Master_DB!$A$21:$A$23,0)))*C12),"")
B22: Trucking | E22: =IFERROR(INDEX(Master_DB!$B$21:$B$23,MATCH("Trucking",Master_DB!$A$21:$A$23,0)),"") | H22: =IFERROR(IF(F6="","",MAX(INDEX(Master_DB!$C$21:$C$23,MATCH("Trucking",Master_DB!$A$21:$A$23,0))*F6,INDEX(Master_DB!$D$21:$D$23,MATCH("Trucking",Master_DB!$A$21:$A$23,0)))),"")
B24: CASE 입력값·기대결과는 Guide 시트 | 요율 변경은 Master_DB 노란 칸만

Sheet Guide
B2: 작업 안내
B4: 1. 파일 구성
B5: Master_DB : 항공 구간 요율(Weight Break)·할증(FSC/SSC)·로컬 단가 관리 (Backend)
B6: Quote : 화물 입력 및 가견적 산출 화면 (Frontend / 원페이지 대시보드)
B7: 요율 변경 시 Master_DB의 노란색 셀만 수정. Quote 수식에는 단가를 직접 기입하지 않음.
B9: 2. 사용 방법
B10: Quote 시트에서 Route, 치수(L/W/H), 수량, 실중량, B/L 수를 입력한다. (주황색 셀)
B11: CBM·부피중량·C.W.·적용 Weight Break·항목별 금액·TOTAL APPX.는 자동 계산된다.
B12: 마스터 요율·MIN 변경은 Master_DB에서 처리하며, 필요 시 차장 확인 후 반영한다.
B14: 3. 산출 기준 (의뢰서)
B15: CBM = L × W × H × Qty ÷ 1,000,000 / 부피중량 = CBM × 167 / C.W. = MAX(실중량, 부피중량)
B16: 항공운임 = MAX(적용단가 × C.W., MIN) / FSC·SSC = 각 단가 × C.W.
... B20: 4. 검증 CASE (Route: ICN-HKG) — Quote 입력란에 아래 수치 적용
B21: CASE | C21: L | D21: W | E21: H | F21: Qty | G21: Gross | H21: C.W. | I21: 확인 포인트 | J21: TOTAL APPX.
B22: A 부피화물 | C22: 110 | D22: 110 | E22: 150 | F22: 3 | G22: 400 | H22: 909.32 | I22: Break +500 / $3.20 | J22: 3728.47
B23: B 고중량 | C23: 30 | D23: 30 | E23: 30 | F23: 1 | G23: 80 | H23: 80 | I23: Break +45 / $4.50 | J23: 555
B24: C 미니멈 | C24: 20 | D24: 20 | E24: 20 | F24: 1 | G24: 3 | H24: 3 | I24: Air $50 · Truck $80 | J24: 187.25
B26: 5. 데이터·배포
B27: 본 파일의 Master 수치는 의뢰서 기준 가상(dummy) 데이터이다, 검증용 CASE 3건으로 로직을 확인한 상태이다.
B28: 실요율 반영 및 항목 추가는 별도 확인 후 Master_DB에 갱신한다. (Quote 화면 구조는 유지)
B29: 시트 보호: Quote는 입력 셀만 편집 가능. 수식 수정 시 [검토] → 시트 보호 해제.
B30: 클라우드 업로드·권한: 10층 Room H Teddy 담당.
B32: 주황=입력 / 노랑(Master)=요율 / 초록=C.W. / 회색=자동산출
